Sales Order,Sales Above or Below Average,Sales (m),Sales,Draw Number,Draw Day,Draw Type,Time,Balls,Jackpot Size (m),Jackpot Size,Jackpot Winners,Jackpot Won (with num),Jackpot Won,Jackpot Winning Tickets,Total Winners (m),Total Winners,Number of Winners Above or Below Average
1,Below Average,20.144991,20144991,1305,Tuesday,Weekday (Tues),24-Mar-20,7  12  26  30  33  -  10  11,15.6213,15621300,0,No,No,0,0.84388,843880,Below Average
2,Below Average,21.554075,21554075,1307,Tuesday,Weekday (Tues),31-Mar-20,12  17  24  30  36  -  01  09,27.30865,27308650,0,No,No,0,0.903675,903675,Below Average
3,Below Average,22.057948,22057948,1313,Tuesday,Weekday (Tues),21-Apr-20,10  11  14  23  28  -  06  08,15.0263,15026300,0,No,No,0,1.064251,1064251,Below Average
4,Below Average,23.545017,23545017,1309,Tuesday,Weekday (Tues),07-Apr-20,4  5  14  33  48  -  07  12,40.506751,40506751,0,No,No,0,0.899399,899399,Below Average
5,Below Average,23.724858,23724858,1315,Tuesday,Weekday (Tues),28-Apr-20,15  23  26  28  32  -  01  05,28.167968,28167968,0,No,No,0,1.006798,1006798,Below Average
6,Below Average,23.843223,23843223,1311,Tuesday,Weekday (Tues),14-Apr-20,6  29  34  35  40  -  04  11,51.538058,51538058,0,No,No,0,0.802806,802806,Below Average
7,Below Average,26.642797,26642797,1317,Tuesday,Weekday (Tues),05-May-20,2  10  22  27  41  -  02  03,42.596857,42596857,0,No,No,0,1.124062,1124062,Below Average
8,Below Average,27.562926,27562926,1306,Friday,Weekend (Fri),27-Mar-20,11  14  27  41  46  -  02  03,22.095531,22095531,0,No,No,0,1.049548,1049548,Below Average
9,Below Average,28.205637,28205637,1303,Tuesday,Weekday (Tues),17-Mar-20,5  7  8  16  20  -  02  12,57.86967,57869670,1,Yes (1),Yes (Single Ticket),1,1.271942,1271942,Below Average
10,Below Average,28.828629,28828629,1319,Tuesday,Weekday (Tues),12-May-20,9  16  29  37  39  -  04  11,56.472701,56472701,0,No,No,0,1.129528,1129528,Below Average
11,Below Average,29.068637,29068637,1304,Friday,Weekend (Fri),20-Mar-20,3  9  20  34  40  -  06  12,15.6961,15696100,1,Yes (1),Yes (Single Ticket),1,1.095514,1095514,Below Average
12,Below Average,29.528525,29528525,1308,Friday,Weekend (Fri),03-Apr-20,16  19  34  46  50  -  02  06,34.546128,34546128,0,No,No,0,1.074084,1074084,Below Average
13,Below Average,29.646765,29646765,999,Tuesday,Weekday (Tues),18-Apr-17,17  22  31  38  45  -  05  12,20.624201,20624201,0,No,No,0,1.159706,1159706,Below Average
14,Below Average,29.666277,29666277,1321,Tuesday,Weekday (Tues),19-May-20,5  25  32  37  43  -  06  07,15.1708,15170800,0,No,No,0,1.085982,1085982,Below Average
15,Below Average,29.74279,29742790,1314,Friday,Weekend (Fri),24-Apr-20,1  5  19  21  28  -  04  07,22.310697,22310697,0,No,No,0,1.424425,1424425,Below Average
16,Below Average,29.876708,29876708,1325,Tuesday,Weekday (Tues),02-Jun-20,10  12  22  26  49  -  07  11,15.1487,15148700,0,No,No,0,1.246757,1246757,Below Average
17,Below Average,30.577404,30577404,1033,Tuesday,Weekday (Tues),15-Aug-17,10  14  30  35  46  -  04  10,22.117219,22117219,1,Yes (1),Yes (Single Ticket),1,1.085088,1085088,Below Average
18,Below Average,31.195213,31195213,1129,Tuesday,Weekday (Tues),17-Jul-18,4  6  27  48  50  -  01  11,15.1266,15126600,0,No,No,0,1.200506,1200506,Below Average
19,Below Average,31.244183,31244183,1123,Tuesday,Weekday (Tues),26-Jun-18,15  16  20  34  50  -  04  07,21.730843,21730843,0,No,No,0,1.191611,1191611,Below Average
20,Below Average,31.245095,31245095,983,Tuesday,Weekday (Tues),21-Feb-17,13  19  41  45  49  -  03  04,14.3837,14383700,0,No,No,0,1.226656,1226656,Below Average
21,Below Average,31.312678,31312678,1316,Friday,Weekend (Fri),01-May-20,19  20  38  45  47  -  02  06,36.22869,36228690,0,No,No,0,1.159354,1159354,Below Average
22,Below Average,31.462558,31462558,1329,Tuesday,Weekday (Tues),16-Jun-20,4  9  11  17  39  -  02  10,15.2456,15245600,0,No,No,0,1.422794,1422794,Below Average
23,Below Average,31.550321,31550321,1107,Tuesday,Weekday (Tues),01-May-18,6  15  17  42  48  -  04  06,21.805469,21805469,0,No,No,0,1.261262,1261262,Below Average
24,Below Average,31.680558,31680558,1323,Tuesday,Weekday (Tues),26-May-20,4  9  14  21  27  -  04  06,16.530706,16530706,2,Yes (2),Yes (Multiple Tickets),2+,1.479396,1479396,Below Average
25,Below Average,31.716791,31716791,961,Tuesday,Weekday (Tues),06-Dec-16,1  7  11  27  45  -  04  09,14.3922,14392200,0,No,No,0,1.56226,1562260,Below Average
26,Below Average,31.7302,31730200,1071,Tuesday,Weekday (Tues),26-Dec-17,4  17  30  43  44  -  02  10,21.951423,21951423,0,No,No,0,1.229515,1229515,Below Average
27,Below Average,31.799224,31799224,1119,Tuesday,Weekday (Tues),12-Jun-18,7  21  23  36  38  -  06  08,14.9549,14954900,0,No,No,0,1.372593,1372593,Below Average
28,Below Average,31.826643,31826643,1213,Tuesday,Weekday (Tues),07-May-19,7  20  26  32  47  -  02  11,21.438454,21438454,1,Yes (1),Yes (Single Ticket),1,1.2743,1274300,Below Average
29,Below Average,31.886384,31886384,1165,Tuesday,Weekday (Tues),20-Nov-18,6  19  39  45  48  -  07  12,15.13,15130000,0,No,No,0,1.137225,1137225,Below Average
30,Below Average,31.950906,31950906,1310,Friday,Weekend (Fri),10-Apr-20,3  10  17  33  39  -  01  04,46.937085,46937085,0,No,No,0,1.386674,1386674,Below Average
31,Below Average,31.989495,31989495,1117,Tuesday,Weekday (Tues),05-Jun-18,9  15  22  39  46  -  04  05,14.8869,14886900,1,Yes (1),Yes (Single Ticket),1,1.251307,1251307,Below Average
32,Below Average,32.011673,32011673,1215,Tuesday,Weekday (Tues),14-May-19,10  14  17  25  50  -  02  10,21.687521,21687521,0,No,No,0,1.410524,1410524,Below Average
33,Below Average,32.063846,32063846,1073,Tuesday,Weekday (Tues),02-Jan-18,10  20  21  28  48  -  01  08,15.0841,15084100,0,No,No,0,1.318113,1318113,Below Average
34,Below Average,32.285053,32285053,1209,Tuesday,Weekday (Tues),23-Apr-19,18  23  27  42  44  -  02  07,38.254645,38254645,1,Yes (1),Yes (Single Ticket),1,1.406675,1406675,Below Average
35,Below Average,32.32983,32329830,1029,Tuesday,Weekday (Tues),01-Aug-17,14  21  24  29  30  -  08  10,15.2082,15208200,0,No,No,0,1.316448,1316448,Below Average
36,Below Average,32.473241,32473241,1235,Tuesday,Weekday (Tues),23-Jul-19,1  14  19  23  38  -  03  07,15.2541,15254100,0,No,No,0,1.453208,1453208,Below Average
37,Below Average,32.579553,32579553,967,Tuesday,Weekday (Tues),27-Dec-16,3  22  25  32  39  -  07  12,21.534783,21534783,1,Yes (1),Yes (Single Ticket),1,1.291565,1291565,Below Average
38,Below Average,32.65944,32659440,1037,Tuesday,Weekday (Tues),29-Aug-17,4  12  15  32  38  -  01  05,15.7675,15767500,0,No,No,0,1.270407,1270407,Below Average
39,Below Average,32.66444,32664440,1289,Tuesday,Weekday (Tues),28-Jan-20,1  19  27  31  38  -  04  05,14.4092,14409200,0,No,No,0,1.398506,1398506,Below Average
40,Below Average,32.66667,32666670,959,Tuesday,Weekday (Tues),29-Nov-16,21  26  27  28  38  -  09  11,14.4942,14494200,0,No,No,0,1.332834,1332834,Below Average
41,Below Average,32.677246,32677246,1199,Tuesday,Weekday (Tues),19-Mar-19,1  6  9  34  47  -  07  12,14.552,14552000,0,No,No,0,1.27648,1276480,Below Average
42,Below Average,32.774493,32774493,991,Tuesday,Weekday (Tues),21-Mar-17,1  20  23  44  47  -  04  11,21.81829,21818290,0,No,No,0,1.242536,1242536,Below Average
43,Below Average,32.820289,32820289,1101,Tuesday,Weekday (Tues),10-Apr-18,14  27  39  46  48  -  11  12,14.8291,14829100,1,Yes (1),Yes (Single Ticket),1,1.150268,1150268,Below Average
44,Below Average,32.932697,32932697,1121,Tuesday,Weekday (Tues),19-Jun-18,7  19  26  42  50  -  04  09,31.80904,31809040,1,Yes (1),Yes (Single Ticket),1,1.406546,1406546,Below Average
45,Below Average,32.967296,32967296,969,Tuesday,Weekday (Tues),03-Jan-17,19  23  27  34  49  -  01  11,21.591336,21591336,0,No,No,0,1.40692,1406920,Below Average
46,Below Average,33.089651,33089651,1039,Tuesday,Weekday (Tues),05-Sep-17,6  9  18  28  29  -  01  09,15.5601,15560100,0,No,No,0,1.450942,1450942,Below Average
47,Below Average,33.093736,33093736,1111,Tuesday,Weekday (Tues),15-May-18,4  16  20  31  39  -  02  12,22.065747,22065747,0,No,No,0,1.249694,1249694,Below Average
48,Below Average,33.102563,33102563,1287,Tuesday,Weekday (Tues),21-Jan-20,10  11  24  36  46  -  03  05,14.4636,14463600,0,No,No,0,1.332112,1332112,Below Average
49,Below Average,33.108174,33108174,1312,Friday,Weekend (Fri),17-Apr-20,16  28  32  37  45  -  01  11,58.366488,58366488,1,Yes (1),Yes (Single Ticket),1,1.217562,1217562,Below Average
50,Below Average,33.150425,33150425,1207,Tuesday,Weekday (Tues),16-Apr-19,1  8  15  44  49  -  02  11,21.879091,21879091,0,No,No,0,1.321568,1321568,Below Average
51,Below Average,33.203867,33203867,1211,Tuesday,Weekday (Tues),30-Apr-19,5  12  20  26  48  -  02  11,21.815835,21815835,1,Yes (1),Yes (Single Ticket),1,1.432093,1432093,Below Average
52,Below Average,33.278241,33278241,1131,Tuesday,Weekday (Tues),24-Jul-18,2  4  23  39  40  -  03  09,32.023423,32023423,0,No,No,0,1.30674,1306740,Below Average
53,Below Average,33.279015,33279015,1025,Tuesday,Weekday (Tues),18-Jul-17,1  25  27  41  45  -  05  07,22.265567,22265567,0,No,No,0,1.279792,1279792,Below Average
54,Below Average,33.356636,33356636,1113,Tuesday,Weekday (Tues),22-May-18,1  11  37  41  48  -  08  12,39.384424,39384424,0,No,No,0,1.146279,1146279,Below Average
55,Below Average,33.37085,33370850,1295,Tuesday,Weekday (Tues),18-Feb-20,11  32  34  38  47  -  02  10,22.469712,22469712,0,No,No,0,1.237264,1237264,Below Average
56,Below Average,33.406521,33406521,1023,Tuesday,Weekday (Tues),11-Jul-17,14  22  26  42  50  -  08  10,15.1895,15189500,1,Yes (1),Yes (Single Ticket),1,1.24581,1245810,Below Average
57,Below Average,33.481699,33481699,1145,Tuesday,Weekday (Tues),11-Sep-18,9  18  32  38  46  -  02  03,22.382447,22382447,0,No,No,0,1.224671,1224671,Below Average
58,Below Average,33.545007,33545007,1299,Tuesday,Weekday (Tues),03-Mar-20,4  14  27  44  45  -  01  10,14.841,14841000,0,No,No,0,1.328279,1328279,Below Average
59,Below Average,33.554997,33554997,1153,Tuesday,Weekday (Tues),09-Oct-18,3  12  36  44  45  -  08  11,14.8733,14873300,0,No,No,0,1.267101,1267101,Below Average
60,Below Average,33.568299,33568299,1341,Tuesday,Weekday (Tues),28-Jul-20,9  13  15  17  34  -  02  07,23.795774,23795774,0,No,No,0,1.523445,1523445,Below Average
61,Below Average,33.680421,33680421,979,Tuesday,Weekday (Tues),07-Feb-17,4  10  31  38  44  -  08  10,21.809971,21809971,0,No,No,0,1.346517,1346517,Below Average
62,Below Average,33.719838,33719838,951,Tuesday,Weekday (Tues),01-Nov-16,6  10  20  29  37  -  01  09,15.3629,15362900,0,No,No,0,1.372058,1372058,Below Average
63,Below Average,33.789459,33789459,985,Tuesday,Weekday (Tues),28-Feb-17,10  20  31  35  42  -  02  12,31.923442,31923442,1,Yes (1),Yes (Single Ticket),1,1.278736,1278736,Below Average
64,Below Average,33.806711,33806711,1141,Tuesday,Weekday (Tues),28-Aug-18,4  16  32  42  46  -  08  12,22.758649,22758649,0,No,No,0,1.134507,1134507,Below Average
65,Below Average,33.812645,33812645,1021,Tuesday,Weekday (Tues),04-Jul-17,10  22  25  37  49  -  05  08,14.943,14943000,0,No,No,0,1.395314,1395314,Below Average
66,Below Average,33.852395,33852395,1331,Tuesday,Weekday (Tues),23-Jun-20,2  12  19  46  49  -  01  08,34.732623,34732623,0,No,No,0,1.290532,1290532,Below Average
67,Below Average,33.867144,33867144,1003,Tuesday,Weekday (Tues),02-May-17,6  19  23  25  27  -  11  12,55.848627,55848627,0,No,No,0,1.59018,1590180,Below Average
68,Below Average,33.879345,33879345,1001,Tuesday,Weekday (Tues),25-Apr-17,9  11  19  32  43  -  03  09,38.059267,38059267,0,No,No,0,1.517119,1517119,Below Average
69,Below Average,33.983732,33983732,1327,Tuesday,Weekday (Tues),09-Jun-20,5  15  27  36  46  -  02  08,34.451775,34451775,0,No,No,0,1.338852,1338852,Below Average
70,Below Average,34.035628,34035628,1318,Friday,Weekend (Fri),08-May-20,8  25  32  33  38  -  07  09,49.837132,49837132,0,No,No,0,1.327697,1327697,Below Average
71,Below Average,34.105948,34105948,1293,Tuesday,Weekday (Tues),11-Feb-20,24  26  32  43  46  -  06  10,14.3429,14342900,1,Yes (1),Yes (Single Ticket),1,1.236529,1236529,Below Average
72,Below Average,34.183462,34183462,1095,Tuesday,Weekday (Tues),20-Mar-18,26  29  37  39  44  -  09  11,22.265427,22265427,0,No,No,0,1.235335,1235335,Below Average
73,Below Average,34.218824,34218824,1369,Tuesday,Weekday (Tues),03-Nov-20,5  7  18  20  30  -  06  07,23.844506,23844506,0,No,No,0,1.573763,1573763,Below Average
74,Below Average,34.278913,34278913,1055,Tuesday,Weekday (Tues),31-Oct-17,1  12  36  43  46  -  03  05,14.9192,14919200,0,No,No,0,1.218701,1218701,Below Average
75,Below Average,34.291618,34291618,1275,Tuesday,Weekday (Tues),10-Dec-19,2  10  19  21  47  -  02  08,21.715889,21715889,0,No,No,0,1.558961,1558961,Below Average
76,Below Average,34.296353,34296353,1337,Tuesday,Weekday (Tues),14-Jul-20,11  22  30  37  47  -  09  10,24.013488,24013488,0,No,No,0,1.258767,1258767,Below Average
77,Below Average,34.315303,34315303,1225,Tuesday,Weekday (Tues),18-Jun-19,12  24  37  40  44  -  03  07,22.579505,22579505,0,No,No,0,1.358255,1358255,Below Average
78,Below Average,34.324989,34324989,1013,Tuesday,Weekday (Tues),06-Jun-17,20  22  25  37  40  -  03  07,14.8665,14866500,0,No,No,0,1.364809,1364809,Below Average
79,Below Average,34.401192,34401192,1221,Tuesday,Weekday (Tues),04-Jun-19,9  31  32  39  41  -  02  08,22.504557,22504557,1,Yes (1),Yes (Single Ticket),1,1.235873,1235873,Below Average
80,Below Average,34.47562,34475620,955,Tuesday,Weekday (Tues),15-Nov-16,7  15  36  42  48  -  03  07,22.092234,22092234,0,No,No,0,1.404829,1404829,Below Average
81,Below Average,34.574977,34574977,1361,Tuesday,Weekday (Tues),06-Oct-20,4  21  36  41  47  -  09  11,15.4853,15485300,0,No,No,0,1.133059,1133059,Below Average
82,Below Average,34.597435,34597435,1125,Tuesday,Weekday (Tues),03-Jul-18,1  12  15  29  48  -  03  05,39.091736,39091736,0,No,No,0,1.440795,1440795,Below Average
83,Below Average,34.63838,34638380,1201,Tuesday,Weekday (Tues),26-Mar-19,12  19  23  43  47  -  02  06,32.010911,32010911,0,No,No,0,1.499613,1499613,Below Average
84,Below Average,34.643176,34643176,1217,Tuesday,Weekday (Tues),21-May-19,32  33  34  39  47  -  08  12,39.211724,39211724,0,No,No,0,1.139762,1139762,Below Average
85,Below Average,34.71766,34717660,1161,Tuesday,Weekday (Tues),06-Nov-18,14  24  36  40  43  -  02  09,14.8325,14832500,0,No,No,0,1.236792,1236792,Below Average
86,Below Average,34.748817,34748817,1167,Tuesday,Weekday (Tues),27-Nov-18,4  16  17  18  32  -  02  11,32.439819,32439819,0,No,No,0,1.435142,1435142,Below Average
87,Below Average,34.844789,34844789,1031,Tuesday,Weekday (Tues),08-Aug-17,15  25  26  40  41  -  04  05,33.089644,33089644,1,Yes (1),Yes (Single Ticket),1,1.255276,1255276,Below Average
88,Below Average,34.993771,34993771,1109,Tuesday,Weekday (Tues),08-May-18,17  25  35  39  44  -  02  05,39.948586,39948586,1,Yes (1),Yes (Single Ticket),1,1.393834,1393834,Below Average
89,Below Average,34.994084,34994084,1103,Tuesday,Weekday (Tues),17-Apr-18,15  27  33  39  50  -  04  06,22.289222,22289222,0,No,No,0,1.37185,1371850,Below Average
90,Below Average,35.106041,35106041,1155,Tuesday,Weekday (Tues),16-Oct-18,15  28  37  40  42  -  01  06,32.638799,32638799,0,No,No,0,1.280093,1280093,Below Average
91,Below Average,35.171614,35171614,1163,Tuesday,Weekday (Tues),13-Nov-18,2  7  10  13  42  -  03  06,33.184923,33184923,0,No,No,0,1.68972,1689720,Below Average
92,Below Average,35.18912,35189120,993,Tuesday,Weekday (Tues),28-Mar-17,9  13  31  33  46  -  06  10,39.63035,39630350,0,No,No,0,1.437386,1437386,Below Average
93,Below Average,35.221957,35221957,1057,Tuesday,Weekday (Tues),07-Nov-17,7  19  20  37  41  -  02  12,14.9702,14970200,0,No,No,0,1.402281,1402281,Below Average
94,Below Average,35.236501,35236501,963,Tuesday,Weekday (Tues),13-Dec-16,14  28  29  48  50  -  02  08,32.050401,32050401,0,No,No,0,1.430438,1430438,Below Average
95,Below Average,35.27201,35272010,1271,Tuesday,Weekday (Tues),26-Nov-19,2  3  15  19  34  -  05  08,22.196254,22196254,0,No,No,0,1.572427,1572427,Below Average
96,Below Average,35.320576,35320576,977,Tuesday,Weekday (Tues),31-Jan-17,3  4  17  23  44  -  06  09,22.233944,22233944,1,Yes (1),Yes (Single Ticket),1,1.680382,1680382,Below Average
97,Below Average,35.353393,35353393,1193,Tuesday,Weekday (Tues),26-Feb-19,3  15  29  35  47  -  03  04,22.256333,22256333,0,No,No,0,1.388366,1388366,Below Average
98,Below Average,35.627204,35627204,1301,Tuesday,Weekday (Tues),10-Mar-20,11  23  30  37  43  -  05  12,35.567254,35567254,0,No,No,0,1.392127,1392127,Below Average
99,Below Average,35.705734,35705734,1227,Tuesday,Weekday (Tues),25-Jun-19,6  26  27  34  46  -  01  09,40.597881,40597881,0,No,No,0,1.308704,1308704,Below Average
100,Below Average,35.780356,35780356,1027,Tuesday,Weekday (Tues),25-Jul-17,12  14  43  44  48  -  02  11,40.445365,40445365,0,No,No,0,1.274007,1274007,Below Average
101,Below Average,35.83541,35835410,1359,Tuesday,Weekday (Tues),29-Sep-20,4  14  16  41  44  -  11  12,15.5312,15531200,0,No,No,0,1.299124,1299124,Below Average
102,Below Average,36.012598,36012598,1097,Tuesday,Weekday (Tues),27-Mar-18,17  20  23  40  46  -  09  10,40.629122,40629122,0,No,No,0,1.389696,1389696,Below Average
103,Below Average,36.019661,36019661,1059,Tuesday,Weekday (Tues),14-Nov-17,14  16  39  40  41  -  08  10,34.502478,34502478,0,No,No,0,1.217911,1217911,Below Average
104,Below Average,36.039929,36039929,1089,Tuesday,Weekday (Tues),27-Feb-18,3  31  41  48  50  -  08  11,14.9566,14956600,0,No,No,0,1.198209,1198209,Below Average
105,Below Average,36.125595,36125595,1237,Tuesday,Weekday (Tues),30-Jul-19,15  20  23  27  40  -  03  06,33.364792,33364792,0,No,No,0,1.477652,1477652,Below Average
106,Below Average,36.185729,36185729,1035,Tuesday,Weekday (Tues),22-Aug-17,3  10  12  17  27  -  03  05,40.510685,40510685,1,Yes (1),Yes (Single Ticket),1,1.783982,1783982,Below Average
107,Below Average,36.294949,36294949,1115,Tuesday,Weekday (Tues),29-May-18,6  11  20  38  43  -  02  04,57.637756,57637756,0,No,No,0,1.41862,1418620,Below Average
108,Below Average,36.307641,36307641,1015,Tuesday,Weekday (Tues),13-Jun-17,3  12  22  27  49  -  04  11,33.506785,33506785,0,No,No,0,1.59142,1591420,Below Average
109,Below Average,36.374446,36374446,1297,Tuesday,Weekday (Tues),25-Feb-20,1  4  18  27  42  -  04  06,43.515336,43515336,0,No,No,0,1.620037,1620037,Below Average
110,Below Average,36.383922,36383922,1363,Tuesday,Weekday (Tues),13-Oct-20,5  14  38  41  46  -  01  10,36.618665,36618665,0,No,No,0,1.227145,1227145,Below Average
111,Below Average,36.419591,36419591,1353,Tuesday,Weekday (Tues),08-Sep-20,2  9  31  35  41  -  09  12,24.534097,24534097,0,No,No,0,1.256217,1256217,Below Average
112,Below Average,36.484727,36484727,1099,Tuesday,Weekday (Tues),03-Apr-18,3  8  16  40  43  -  05  08,59.156133,59156133,0,No,No,0,1.489813,1489813,Below Average
113,Below Average,36.532667,36532667,957,Tuesday,Weekday (Tues),22-Nov-16,5  10  33  34  47  -  02  10,40.546633,40546633,0,No,No,0,1.425468,1425468,Below Average
114,Below Average,36.592774,36592774,1219,Tuesday,Weekday (Tues),28-May-19,7  19  20  28  29  -  01  05,28.837305,28837305,2,Yes (2),Yes (Multiple Tickets),2+,1.699581,1699581,Below Average
115,Below Average,36.714653,36714653,1343,Tuesday,Weekday (Tues),04-Aug-20,1  2  5  15  42  -  05  08,44.373299,44373299,0,No,No,0,1.537547,1537547,Below Average
116,Below Average,36.750157,36750157,981,Tuesday,Weekday (Tues),14-Feb-17,2  10  24  40  44  -  03  10,19.987961,19987961,2,Yes (2),Yes (Multiple Tickets),2+,1.512442,1512442,Below Average
117,Below Average,36.789053,36789053,1179,Tuesday,Weekday (Tues),08-Jan-19,3  19  22  31  32  -  02  11,23.253235,23253235,0,No,No,0,1.467905,1467905,Below Average
118,Below Average,36.870375,36870375,1147,Tuesday,Weekday (Tues),18-Sep-18,3  8  10  32  45  -  04  12,40.651934,40651934,0,No,No,0,1.454332,1454332,Below Average
119,Below Average,36.87215,36872150,1075,Tuesday,Weekday (Tues),09-Jan-18,6  12  15  38  49  -  02  09,33.484288,33484288,0,No,No,0,1.484442,1484442,Below Average
120,Below Average,36.98929,36989290,1339,Tuesday,Weekday (Tues),21-Jul-20,14  15  24  29  42  -  02  04,44.865863,44865863,1,Yes (1),Yes (Single Ticket),1,1.448392,1448392,Below Average
121,Below Average,37.038561,37038561,971,Tuesday,Weekday (Tues),10-Jan-17,2  11  29  35  44  -  04  09,40.25965,40259650,0,No,No,0,1.511105,1511105,Below Average
122,Below Average,37.20127,37201270,1143,Tuesday,Weekday (Tues),04-Sep-18,5  14  28  30  47  -  04  11,40.979973,40979973,1,Yes (1),Yes (Single Ticket),1,1.456073,1456073,Below Average
123,Below Average,37.221319,37221319,1041,Tuesday,Weekday (Tues),12-Sep-17,10  17  27  29  35  -  04  11,33.717075,33717075,0,No,No,0,1.591627,1591627,Below Average
124,Below Average,37.430522,37430522,1259,Tuesday,Weekday (Tues),15-Oct-19,3  28  31  32  34  -  04  05,22.772993,22772993,0,No,No,0,1.410205,1410205,Below Average
125,Below Average,37.552202,37552202,1277,Tuesday,Weekday (Tues),17-Dec-19,1  7  12  25  49  -  06  09,41.621418,41621418,1,Yes (1),Yes (Single Ticket),1,1.751197,1751197,Below Average
126,Below Average,37.716154,37716154,1017,Tuesday,Weekday (Tues),20-Jun-17,11  18  26  43  44  -  08  10,52.594374,52594374,0,No,No,0,1.469998,1469998,Below Average
127,Below Average,37.736184,37736184,1133,Tuesday,Weekday (Tues),31-Jul-18,20  25  34  42  45  -  06  11,50.637585,50637585,0,No,No,0,1.315082,1315082,Below Average
128,Below Average,37.908724,37908724,1203,Tuesday,Weekday (Tues),02-Apr-19,2  9  16  26  36  -  06  07,50.833887,50833887,0,No,No,0,1.569587,1569587,Below Average
129,Below Average,37.990618,37990618,1169,Tuesday,Weekday (Tues),04-Dec-18,19  20  21  42  45  -  08  09,51.79999,51799990,0,No,No,0,1.406668,1406668,Below Average
130,Below Average,38.076355,38076355,1127,Tuesday,Weekday (Tues),10-Jul-18,3  8  26  33  45  -  07  10,57.975368,57975368,1,Yes (1),Yes (Single Ticket),1,1.519567,1519567,Below Average
131,Below Average,38.118526,38118526,1273,Tuesday,Weekday (Tues),03-Dec-19,18  31  32  38  48  -  04  12,40.957697,40957697,1,Yes (1),Yes (Single Ticket),1,1.367876,1367876,Below Average
132,Below Average,38.139517,38139517,1049,Tuesday,Weekday (Tues),10-Oct-17,4  21  34  36  37  -  03  06,15.2099,15209900,0,No,No,0,1.351736,1351736,Below Average
133,Below Average,38.172573,38172573,953,Tuesday,Weekday (Tues),08-Nov-16,5  9  47  49  50  -  08  09,35.072281,35072281,1,Yes (1),Yes (Single Ticket),1,1.436674,1436674,Below Average
134,Below Average,38.25864,38258640,1371,Tuesday,Weekday (Tues),10-Nov-20,3  19  29  32  38  -  05  12,45.088804,45088804,0,No,No,0,1.49607,1496070,Below Average
135,Below Average,38.276455,38276455,1051,Tuesday,Weekday (Tues),17-Oct-17,13  17  19  26  36  -  02  03,37.871775,37871775,0,No,No,0,1.658729,1658729,Below Average
136,Below Average,38.409292,38409292,1195,Tuesday,Weekday (Tues),05-Mar-19,6  10  16  39  46  -  08  11,43.29416,43294160,0,No,No,0,1.469753,1469753,Below Average
137,Below Average,38.443084,38443084,941,Tuesday,Weekday (Tues),27-Sep-16,6  9  13  39  41  -  02  12,14.671,14671000,0,No,No,0,1.572657,1572657,Below Average
138,Below Average,38.486526,38486526,1091,Tuesday,Weekday (Tues),06-Mar-18,15  20  26  31  44  -  02  09,34.392263,34392263,0,No,No,0,1.498742,1498742,Below Average
139,Below Average,38.62368,38623680,1261,Tuesday,Weekday (Tues),22-Oct-19,2  5  32  33  47  -  07  08,41.922445,41922445,0,No,No,0,1.474623,1474623,Below Average
140,Below Average,38.638633,38638633,1181,Tuesday,Weekday (Tues),15-Jan-19,22  25  29  33  35  -  03  06,42.137452,42137452,0,No,No,0,1.497164,1497164,Below Average
141,Below Average,38.699238,38699238,1061,Tuesday,Weekday (Tues),21-Nov-17,2  10  14  28  31  -  05  07,54.215274,54215274,0,No,No,0,1.713051,1713051,Below Average
142,Below Average,38.737585,38737585,1320,Friday,Weekend (Fri),15-May-20,11  23  32  34  39  -  01  06,65.175962,65175962,1,Yes (1),Yes (Single Ticket),1,1.52658,1526580,Below Average
143,Below Average,38.815303,38815303,995,Tuesday,Weekday (Tues),04-Apr-17,1  9  24  33  34  -  02  06,58.513592,58513592,0,No,No,0,1.587281,1587281,Below Average
144,Below Average,38.854088,38854088,1157,Tuesday,Weekday (Tues),23-Oct-18,1  2  5  21  32  -  02  12,52.107396,52107396,0,No,No,0,1.559417,1559417,Below Average
145,Below Average,39.106662,39106662,947,Tuesday,Weekday (Tues),18-Oct-16,2  17  21  25  27  -  06  09,23.638239,23638239,0,No,No,0,1.727304,1727304,Below Average
146,Below Average,39.160784,39160784,987,Tuesday,Weekday (Tues),07-Mar-17,6  37  41  48  50  -  04  05,51.910688,51910688,0,No,No,0,1.337835,1337835,Below Average
147,Below Average,39.280847,39280847,1333,Tuesday,Weekday (Tues),30-Jun-20,1  6  11  28  42  -  02  10,56.510237,56510237,0,No,No,0,1.598344,1598344,Below Average
148,Below Average,39.721124,39721124,1239,Tuesday,Weekday (Tues),06-Aug-19,12  13  29  36  38  -  04  12,52.917787,52917787,0,No,No,0,1.498638,1498638,Below Average
149,Below Average,39.792481,39792481,1229,Tuesday,Weekday (Tues),02-Jul-19,11  19  29  44  45  -  08  12,60.173279,60173279,0,No,No,0,1.579922,1579922,Below Average
150,Below Average,39.835091,39835091,1365,Tuesday,Weekday (Tues),20-Oct-20,5  6  15  37  42  -  03  04,59.778232,59778232,0,No,No,0,1.511168,1511168,Below Average
151,Below Average,39.856411,39856411,1355,Tuesday,Weekday (Tues),15-Sep-20,16  20  25  30  38  -  06  08,47.250235,47250235,0,No,No,0,1.516838,1516838,Below Average
152,Below Average,40.075128,40075128,965,Tuesday,Weekday (Tues),20-Dec-16,13  15  17  21  27  -  02  03,51.875129,51875129,1,Yes (1),Yes (Single Ticket),1,2.005448,2005448,Above Average
153,Below Average,40.197372,40197372,1324,Friday,Weekend (Fri),29-May-20,4  8  11  19  46  -  04  08,15.2949,15294900,1,Yes (1),Yes (Single Ticket),1,1.763683,1763683,Below Average
154,Below Average,40.306428,40306428,1205,Tuesday,Weekday (Tues),09-Apr-19,18  21  29  38  41  -  01  11,68.329653,68329653,1,Yes (1),Yes (Single Ticket),1,1.548078,1548078,Below Average
155,Below Average,40.428855,40428855,1291,Tuesday,Weekday (Tues),04-Feb-20,21  23  33  35  47  -  06  07,34.634832,34634832,0,No,No,0,1.620796,1620796,Below Average
156,Below Average,40.429626,40429626,1322,Friday,Weekend (Fri),22-May-20,3  18  22  27  32  -  02  07,25.387006,25387006,0,No,No,0,1.774481,1774481,Below Average
157,Below Average,40.431112,40431112,1345,Tuesday,Weekday (Tues),11-Aug-20,8  13  14  42  50  -  03  09,66.130274,66130274,0,No,No,0,1.613185,1613185,Below Average
158,Below Average,40.519016,40519016,1053,Tuesday,Weekday (Tues),24-Oct-17,9  11  13  27  33  -  07  10,58.670142,58670142,1,Yes (1),Yes (Single Ticket),1,1.944447,1944447,Below Average
159,Below Average,40.573396,40573396,1183,Tuesday,Weekday (Tues),22-Jan-19,9  23  29  41  49  -  08  10,61.621961,61621961,0,No,No,0,1.585425,1585425,Below Average
160,Below Average,40.605496,40605496,1135,Tuesday,Weekday (Tues),07-Aug-18,16  28  29  30  36  -  08  10,67.719962,67719962,0,No,No,0,1.495118,1495118,Below Average
161,Below Average,40.700715,40700715,1283,Tuesday,Weekday (Tues),07-Jan-20,5  8  12  37  43  -  06  11,64.021946,64021946,0,No,No,0,1.720809,1720809,Below Average
162,Below Average,41.102401,41102401,1005,Tuesday,Weekday (Tues),09-May-17,8  12  16  22  26  -  06  07,68.249429,68249429,0,No,No,0,1.948255,1948255,Below Average
163,Below Average,41.132504,41132504,1093,Tuesday,Weekday (Tues),13-Mar-18,9  11  13  33  49  -  06  12,54.643467,54643467,1,Yes (1),Yes (Single Ticket),1,1.814174,1814174,Below Average
164,Below Average,41.235007,41235007,1077,Tuesday,Weekday (Tues),16-Jan-18,20  23  31  34  46  -  03  12,54.434216,54434216,0,No,No,0,1.446248,1446248,Below Average
165,Below Average,41.296163,41296163,1171,Tuesday,Weekday (Tues),11-Dec-18,4  7  13  23  42  -  01  03,69.712546,69712546,0,No,No,0,1.94207,1942070,Below Average
166,Below Average,41.330066,41330066,1212,Friday,Weekend (Fri),03-May-19,2  9  20  27  43  -  05  06,14.467,14467000,0,No,No,0,1.762515,1762515,Below Average
167,Below Average,41.555354,41555354,1279,Tuesday,Weekday (Tues),24-Dec-19,3  11  13  14  47  -  03  06,23.534756,23534756,0,No,No,0,1.900558,1900558,Below Average
168,Below Average,41.603277,41603277,1263,Tuesday,Weekday (Tues),29-Oct-19,16  18  28  42  49  -  05  10,62.293451,62293451,0,No,No,0,1.619208,1619208,Below Average
169,Below Average,41.790534,41790534,1197,Tuesday,Weekday (Tues),12-Mar-19,5  7  13  19  31  -  02  09,64.356515,64356515,0,No,No,0,2.158286,2158286,Above Average
170,Below Average,41.85769,41857690,973,Tuesday,Weekday (Tues),17-Jan-17,4  16  25  43  47  -  02  10,62.366698,62366698,0,No,No,0,1.571807,1571807,Below Average
171,Below Average,41.863533,41863533,1373,Tuesday,Weekday (Tues),17-Nov-20,16  19  25  30  44  -  02  06,69.354137,69354137,0,No,No,0,1.717073,1717073,Below Average
172,Below Average,41.990323,41990323,998,Friday,Weekend (Fri),14-Apr-17,4  14  20  23  33  -  06  10,14.4228,14422800,0,No,No,0,1.896557,1896557,Below Average
173,Below Average,42.143808,42143808,1367,Tuesday,Weekday (Tues),27-Oct-20,13  15  28  32  44  -  03  12,79.315198,79315198,1,Yes (1),Yes (Single Ticket),1,1.686057,1686057,Below Average
174,Below Average,42.188421,42188421,1159,Tuesday,Weekday (Tues),30-Oct-18,17  23  27  43  44  -  01  12,70.193991,70193991,0,No,No,0,1.772738,1772738,Below Average
175,Below Average,42.245303,42245303,1019,Tuesday,Weekday (Tues),27-Jun-17,9  17  21  28  45  -  01  03,70.127201,70127201,0,No,No,0,1.833319,1833319,Below Average
176,Below Average,42.252548,42252548,1214,Friday,Weekend (Fri),10-May-19,1  4  27  45  48  -  01  07,14.6948,14694800,0,No,No,0,1.63984,1639840,Below Average
177,Below Average,42.254955,42254955,1122,Friday,Weekend (Fri),22-Jun-18,14  25  39  41  44  -  02  08,14.96,14960000,0,No,No,0,1.598189,1598189,Below Average
178,Below Average,42.350471,42350471,949,Tuesday,Weekday (Tues),25-Oct-16,3  15  20  21  28  -  01  05,44.777159,44777159,1,Yes (1),Yes (Single Ticket),1,1.835606,1835606,Below Average
179,Below Average,42.469068,42469068,997,Tuesday,Weekday (Tues),11-Apr-17,5  21  22  31  49  -  02  08,70.887897,70887897,1,Yes (1),Yes (Single Ticket),1,1.807549,1807549,Below Average
180,Below Average,42.477656,42477656,1063,Tuesday,Weekday (Tues),28-Nov-17,1  6  12  18  42  -  02  07,71.866782,71866782,0,No,No,0,1.814149,1814149,Below Average
181,Below Average,42.48282,42482820,1210,Friday,Weekend (Fri),26-Apr-19,14  33  35  47  50  -  09  11,14.6829,14682900,0,No,No,0,1.497865,1497865,Below Average
182,Below Average,43.030146,43030146,1220,Friday,Weekend (Fri),31-May-19,1  23  24  26  35  -  01  11,15.0348,15034800,0,No,No,0,1.663467,1663467,Below Average
183,Below Average,43.124042,43124042,1340,Friday,Weekend (Fri),24-Jul-20,8  9  27  28  50  -  04  12,15.4836,15483600,0,No,No,0,1.746841,1746841,Below Average
184,Below Average,43.308157,43308157,1326,Friday,Weekend (Fri),05-Jun-20,5  11  17  24  37  -  03  06,25.999539,25999539,0,No,No,0,1.962381,1962381,Above Average
185,Below Average,43.308809,43308809,989,Tuesday,Weekday (Tues),14-Mar-17,3  5  21  36  44  -  03  06,70.386999,70386999,1,Yes (1),Yes (Single Ticket),1,1.79546,1795460,Below Average
186,Below Average,43.4101,43410100,1265,Tuesday,Weekday (Tues),05-Nov-19,9  14  25  33  48  -  02  12,74.873475,74873475,0,No,No,0,1.73333,1733330,Below Average
187,Below Average,43.437437,43437437,1231,Tuesday,Weekday (Tues),09-Jul-19,7  29  32  36  41  -  06  07,73.547916,73547916,0,No,No,0,1.596489,1596489,Below Average
188,Below Average,43.447463,43447463,1208,Friday,Weekend (Fri),19-Apr-19,7  8  32  41  49  -  05  11,31.273852,31273852,0,No,No,0,1.641817,1641817,Below Average
189,Below Average,43.53487,43534870,1241,Tuesday,Weekday (Tues),13-Aug-19,13  29  31  33  40  -  02  03,70.899768,70899768,0,No,No,0,1.659736,1659736,Below Average
190,Below Average,43.69666,43696660,1357,Tuesday,Weekday (Tues),22-Sep-20,16  25  28  39  40  -  01  06,71.063522,71063522,0,No,No,0,1.57124,1571240,Below Average
191,Below Average,43.725874,43725874,1330,Friday,Weekend (Fri),19-Jun-20,5  14  19  24  43  -  03  11,26.333468,26333468,0,No,No,0,1.788281,1788281,Below Average
192,Below Average,43.817393,43817393,1079,Tuesday,Weekday (Tues),23-Jan-18,5  8  9  23  24  -  07  08,71.872851,71872851,0,No,No,0,2.08347,2083470,Above Average
193,Below Average,44.118297,44118297,1000,Friday,Weekend (Fri),21-Apr-17,2  13  16  22  49  -  04  05,30.153753,30153753,0,No,No,0,1.956983,1956983,Above Average
194,Below Average,44.361347,44361347,1280,Friday,Weekend (Fri),27-Dec-19,1  7  22  26  35  -  05  10,33.089326,33089326,0,No,No,0,1.921052,1921052,Below Average
195,Below Average,44.408647,44408647,1274,Friday,Weekend (Fri),06-Dec-19,1  3  27  39  46  -  01  10,14.3191,14319100,0,No,No,0,1.776203,1776203,Below Average
196,Below Average,44.439491,44439491,1185,Tuesday,Weekday (Tues),29-Jan-19,14  24  26  32  39  -  03  08,75.051591,75051591,1,Yes (1),Yes (Single Ticket),1,1.774795,1774795,Below Average
197,Below Average,44.558018,44558018,1024,Friday,Weekend (Fri),14-Jul-17,11  14  20  21  47  -  07  10,14.9005,14900500,0,No,No,0,1.85222,1852220,Below Average
198,Below Average,44.639668,44639668,1110,Friday,Weekend (Fri),11-May-18,3  22  34  49  50  -  08  11,15.0042,15004200,0,No,No,0,1.639292,1639292,Below Average
199,Below Average,44.74846,44748460,1206,Friday,Weekend (Fri),12-Apr-19,1  28  35  36  46  -  06  09,14.7016,14701600,0,No,No,0,1.526974,1526974,Below Average
200,Below Average,44.849669,44849669,1120,Friday,Weekend (Fri),15-Jun-18,23  26  33  38  49  -  01  12,24.560828,24560828,0,No,No,0,1.689714,1689714,Below Average
201,Below Average,44.857301,44857301,1285,Tuesday,Weekday (Tues),14-Jan-20,21  25  29  39  44  -  08  09,78.00049,78000490,0,No,No,0,1.770798,1770798,Below Average
202,Below Average,44.930225,44930225,1278,Friday,Weekend (Fri),20-Dec-19,8  24  30  32  34  -  03  04,14.484,14484000,0,No,No,0,1.777543,1777543,Below Average
203,Below Average,44.960753,44960753,1144,Friday,Weekend (Fri),07-Sep-18,4  23  27  31  50  -  01  08,15.2167,15216700,0,No,No,0,1.841323,1841323,Below Average
204,Below Average,44.987395,44987395,982,Friday,Weekend (Fri),17-Feb-17,19  25  33  36  48  -  02  09,14.5095,14509500,1,Yes (1),Yes (Single Ticket),1,1.728805,1728805,Below Average
205,Below Average,45.022113,45022113,1368,Friday,Weekend (Fri),30-Oct-20,12  16  20  21  28  -  03  09,15.3017,15301700,0,No,No,0,1.977041,1977041,Above Average
206,Below Average,45.137081,45137081,1236,Friday,Weekend (Fri),26-Jul-19,2  5  27  37  42  -  03  10,25.032609,25032609,0,No,No,0,1.739304,1739304,Below Average
207,Below Average,45.14767,45147670,1130,Friday,Weekend (Fri),20-Jul-18,2  15  40  43  46  -  03  06,24.941396,24941396,0,No,No,0,1.527054,1527054,Below Average
208,Below Average,45.231571,45231571,1216,Friday,Weekend (Fri),17-May-19,16  28  42  43  45  -  06  07,31.674666,31674666,0,No,No,0,1.597592,1597592,Below Average
209,Below Average,45.332644,45332644,1288,Friday,Weekend (Fri),24-Jan-20,3  4  6  9  24  -  05  08,24.139851,24139851,1,Yes (1),Yes (Single Ticket),1,2.236871,2236871,Above Average
210,Below Average,45.423541,45423541,1166,Friday,Weekend (Fri),23-Nov-18,5  8  25  26  30  -  03  10,24.866684,24866684,0,No,No,0,1.994301,1994301,Above Average
211,Below Average,45.465808,45465808,1347,Tuesday,Weekday (Tues),18-Aug-20,6  12  17  34  42  -  05  12,87.266444,87266444,0,No,No,0,1.805255,1805255,Below Average
212,Below Average,45.487133,45487133,1124,Friday,Weekend (Fri),29-Jun-18,15  21  23  40  48  -  03  12,31.647298,31647298,0,No,No,0,1.718327,1718327,Below Average
213,Below Average,45.567415,45567415,990,Friday,Weekend (Fri),17-Mar-17,6  10  19  29  36  -  03  09,14.7424,14742400,0,No,No,0,2.011936,2011936,Above Average
214,Below Average,45.600427,45600427,1173,Tuesday,Weekday (Tues),18-Dec-18,1  9  18  39  48  -  05  07,83.057501,83057501,0,No,No,0,1.819369,1819369,Below Average
215,Below Average,45.714168,45714168,1032,Friday,Weekend (Fri),11-Aug-17,18  28  39  46  48  -  05  12,15.4496,15449600,0,No,No,0,1.513516,1513516,Below Average
216,Below Average,45.716265,45716265,1342,Friday,Weekend (Fri),31-Jul-20,21  24  30  46  49  -  02  05,35.077775,35077775,0,No,No,0,1.628634,1628634,Below Average
217,Below Average,45.72155,45721550,1243,Tuesday,Weekday (Tues),20-Aug-19,20  22  23  24  37  -  01  04,83.338679,83338679,0,No,No,0,1.713572,1713572,Below Average
218,Below Average,45.98564,45985640,1140,Friday,Weekend (Fri),24-Aug-18,3  14  31  36  50  -  01  12,15.3935,15393500,0,No,No,0,1.621896,1621896,Below Average
219,Below Average,46.014421,46014421,1137,Tuesday,Weekday (Tues),14-Aug-18,1  15  18  25  31  -  09  11,81.090231,81090231,0,No,No,0,1.852942,1852942,Below Average
220,Below Average,46.062204,46062204,975,Tuesday,Weekday (Tues),24-Jan-17,1  5  7  17  23  -  03  08,76.052175,76052175,1,Yes (1),Yes (Single Ticket),1,2.402716,2402716,Above Average
221,Below Average,46.189476,46189476,1336,Friday,Weekend (Fri),10-Jul-20,15  17  23  30  38  -  02  07,15.2252,15225200,0,No,No,0,2.011223,2011223,Above Average
222,Below Average,46.231964,46231964,1270,Friday,Weekend (Fri),22-Nov-19,3  21  32  34  48  -  03  11,14.6081,14608100,0,No,No,0,1.736494,1736494,Below Average
223,Below Average,46.289749,46289749,1118,Friday,Weekend (Fri),08-Jun-18,8  19  32  43  46  -  02  08,14.9311,14931100,1,Yes (1),Yes (Single Ticket),1,1.758722,1758722,Below Average
224,Below Average,46.402645,46402645,984,Friday,Weekend (Fri),24-Feb-17,2  4  13  22  43  -  08  09,24.449171,24449171,0,No,No,0,2.061921,2061921,Above Average
225,Below Average,46.437111,46437111,1200,Friday,Weekend (Fri),22-Mar-19,4  17  26  30  43  -  06  11,24.580716,24580716,0,No,No,0,1.929433,1929433,Below Average
226,Below Average,46.472,46472000,1290,Friday,Weekend (Fri),31-Jan-20,13  18  20  23  30  -  02  04,24.336652,24336652,0,No,No,0,2.222817,2222817,Above Average
227,Below Average,46.47645,46476450,1328,Friday,Weekend (Fri),12-Jun-20,2  24  39  45  46  -  04  08,46.399553,46399553,1,Yes (1),Yes (Single Ticket),1,1.586331,1586331,Below Average
228,Below Average,46.483129,46483129,1036,Friday,Weekend (Fri),25-Aug-17,1  5  7  15  47  -  09  12,15.7352,15735200,1,Yes (1),Yes (Single Ticket),1,1.929665,1929665,Below Average
229,Below Average,46.536379,46536379,976,Friday,Weekend (Fri),27-Jan-17,17  20  28  45  48  -  05  09,14.4959,14495900,0,No,No,0,1.886916,1886916,Below Average
230,Below Average,46.587745,46587745,1300,Friday,Weekend (Fri),06-Mar-20,15  38  43  45  46  -  01  11,26.423336,26423336,0,No,No,0,1.541171,1541171,Below Average
231,Below Average,46.596523,46596523,1112,Friday,Weekend (Fri),18-May-18,5  8  10  13  31  -  03  06,32.04007,32040070,0,No,No,0,2.261817,2261817,Above Average
232,Below Average,46.707795,46707795,1294,Friday,Weekend (Fri),14-Feb-20,5  20  35  41  49  -  06  10,14.1406,14140600,0,No,No,0,1.734592,1734592,Below Average
233,Below Average,46.851392,46851392,970,Friday,Weekend (Fri),06-Jan-17,10  14  18  21  49  -  09  11,31.898943,31898943,0,No,No,0,1.98789,1987890,Above Average
234,Below Average,46.861345,46861345,1154,Friday,Weekend (Fri),12-Oct-18,4  9  12  31  43  -  05  08,25.07015,25070150,0,No,No,0,2.038565,2038565,Above Average
235,Below Average,46.913486,46913486,992,Friday,Weekend (Fri),24-Mar-17,2  17  21  27  34  -  05  09,31.918888,31918888,0,No,No,0,2.114195,2114195,Above Average
236,Below Average,46.951741,46951741,1081,Tuesday,Weekday (Tues),30-Jan-18,11  15  21  27  35  -  04  05,86.173606,86173606,0,No,No,0,2.039844,2039844,Above Average
237,Below Average,46.965341,46965341,1178,Friday,Weekend (Fri),04-Jan-19,7  11  19  27  37  -  06  10,15.2286,15228600,0,No,No,0,2.192933,2192933,Above Average
238,Below Average,47.026637,47026637,1338,Friday,Weekend (Fri),17-Jul-20,7  15  27  41  43  -  07  09,35.838894,35838894,0,No,No,0,1.911934,1911934,Below Average
239,Below Average,47.058676,47058676,1030,Friday,Weekend (Fri),04-Aug-17,29  30  36  40  41  -  02  09,25.529274,25529274,1,Yes (1),Yes (Single Ticket),1,1.540568,1540568,Below Average
240,Below Average,47.062543,47062543,1226,Friday,Weekend (Fri),21-Jun-19,5  8  9  25  39  -  03  07,32.775384,32775384,0,No,No,0,2.150438,2150438,Above Average
241,Below Average,47.072026,47072026,962,Friday,Weekend (Fri),09-Dec-16,6  12  28  37  40  -  01  05,24.450957,24450957,0,No,No,0,1.991675,1991675,Above Average
242,Below Average,47.072577,47072577,1296,Friday,Weekend (Fri),21-Feb-20,7  23  30  32  45  -  05  09,34.421724,34421724,0,No,No,0,2.082007,2082007,Above Average
243,Below Average,47.118936,47118936,1224,Friday,Weekend (Fri),14-Jun-19,1  13  30  31  39  -  02  07,15.1521,15152100,0,No,No,0,1.90781,1907810,Below Average
244,Below Average,47.127288,47127288,954,Friday,Weekend (Fri),11-Nov-16,3  22  23  38  49  -  02  09,14.6489,14648900,0,No,No,0,1.946736,1946736,Below Average
245,Below Average,47.18264,47182640,1267,Tuesday,Weekday (Tues),12-Nov-19,1  21  23  25  39  -  02  04,89.866288,89866288,0,No,No,0,1.969317,1969317,Above Average
246,Below Average,47.199779,47199779,1233,Tuesday,Weekday (Tues),16-Jul-19,3  5  13  18  39  -  07  08,88.185562,88185562,0,No,No,0,2.074142,2074142,Above Average
247,Below Average,47.494495,47494495,1332,Friday,Weekend (Fri),26-Jun-20,1  10  12  21  26  -  05  11,46.859882,46859882,0,No,No,0,2.049112,2049112,Above Average
248,Below Average,47.700964,47700964,1142,Friday,Weekend (Fri),31-Aug-18,4  30  31  38  42  -  04  06,32.721629,32721629,0,No,No,0,1.734759,1734759,Below Average
249,Below Average,47.706993,47706993,1026,Friday,Weekend (Fri),21-Jul-17,1  8  9  26  49  -  05  09,32.874047,32874047,0,No,No,0,1.974484,1974484,Above Average
250,Below Average,47.807162,47807162,1054,Friday,Weekend (Fri),27-Oct-17,3  16  23  32  39  -  01  04,15.011,15011000,1,Yes (1),Yes (Single Ticket),1,1.937446,1937446,Below Average
251,Below Average,47.871823,47871823,1038,Friday,Weekend (Fri),01-Sep-17,3  7  8  14  49  -  05  08,25.914013,25914013,1,Yes (1),Yes (Single Ticket),1,2.155272,2155272,Above Average
252,Below Average,47.945015,47945015,1094,Friday,Weekend (Fri),16-Mar-18,4  17  24  27  31  -  10  11,14.9923,14992300,0,No,No,0,2.115414,2115414,Above Average
253,Below Average,47.960699,47960699,1132,Friday,Weekend (Fri),27-Jul-18,11  17  22  23  41  -  06  11,42.386533,42386533,0,No,No,0,2.07696,2076960,Above Average
254,Below Average,48.012341,48012341,1065,Tuesday,Weekday (Tues),05-Dec-17,11  36  43  44  48  -  02  07,85.788778,85788778,0,No,No,0,1.723362,1723362,Below Average
255,Below Average,48.038279,48038279,1034,Friday,Weekend (Fri),18-Aug-17,2  24  39  42  45  -  02  08,32.520149,32520149,0,No,No,0,1.703336,1703336,Below Average
256,Below Average,48.050999,48050999,1106,Friday,Weekend (Fri),27-Apr-18,12  24  40  41  46  -  05  12,14.9583,14958300,0,No,No,0,1.656108,1656108,Below Average
257,Below Average,48.104772,48104772,960,Friday,Weekend (Fri),02-Dec-16,6  11  23  31  32  -  02  12,24.66213,24662130,1,Yes (1),Yes (Single Ticket),1,2.087858,2087858,Above Average
258,Below Average,48.106379,48106379,1056,Friday,Weekend (Fri),03-Nov-17,5  12  17  33  41  -  04  09,25.476778,25476778,1,Yes (1),Yes (Single Ticket),1,2.09293,2092930,Above Average
259,Below Average,48.14257,48142570,1146,Friday,Weekend (Fri),14-Sep-18,1  3  33  40  45  -  03  04,32.776219,32776219,0,No,No,0,1.754823,1754823,Below Average
260,Below Average,48.158499,48158499,1370,Friday,Weekend (Fri),06-Nov-20,7  12  37  40  50  -  01  02,36.006084,36006084,0,No,No,0,1.818077,1818077,Below Average
261,Below Average,48.169397,48169397,1218,Friday,Weekend (Fri),24-May-19,5  16  23  30  49  -  06  07,49.736732,49736732,0,No,No,0,1.99458,1994580,Above Average
262,Below Average,48.267815,48267815,1362,Friday,Weekend (Fri),09-Oct-20,11  15  35  41  50  -  05  08,27.489353,27489353,0,No,No,0,1.757505,1757505,Below Average
263,Below Average,48.328468,48328468,1192,Friday,Weekend (Fri),22-Feb-19,3  27  29  33  50  -  03  07,14.773,14773000,0,No,No,0,2.082847,2082847,Above Average
264,Below Average,48.34468,48344680,1352,Friday,Weekend (Fri),04-Sep-20,6  22  29  40  43  -  04  07,15.1742,15174200,0,No,No,0,1.802694,1802694,Below Average
265,Below Average,48.428113,48428113,980,Friday,Weekend (Fri),10-Feb-17,7  21  26  35  43  -  02  09,32.204121,32204121,0,No,No,0,2.048527,2048527,Above Average
266,Below Average,48.525879,48525879,978,Friday,Weekend (Fri),03-Feb-17,3  4  15  46  50  -  05  09,14.6863,14686300,0,No,No,0,1.938228,1938228,Below Average
267,Below Average,48.537347,48537347,1282,Friday,Weekend (Fri),03-Jan-20,5  15  20  36  47  -  08  12,55.523057,55523057,0,No,No,0,1.873287,1873287,Below Average
268,Below Average,48.559511,48559511,1007,Tuesday,Weekday (Tues),16-May-17,8  11  15  20  30  -  03  08,84.319251,84319251,0,No,No,0,2.211257,2211257,Above Average
269,Below Average,48.571184,48571184,1040,Friday,Weekend (Fri),08-Sep-17,9  24  42  47  49  -  01  05,25.993675,25993675,0,No,No,0,1.718948,1718948,Below Average
270,Av. Sales,48.63,48630000,,Av. Sales,Av. Sales,,,190,199000000,,,Av. Sales,,5.49,5490000,
271,Above Average,48.699208,48699208,1096,Friday,Weekend (Fri),23-Mar-18,5  7  11  46  50  -  08  11,32.771739,32771739,0,No,No,0,2.267673,2267673,Above Average
272,Above Average,48.737388,48737388,1152,Friday,Weekend (Fri),05-Oct-18,8  16  24  26  35  -  03  11,14.9481,14948100,1,Yes (1),Yes (Single Ticket),1,2.179734,2179734,Above Average
273,Above Average,48.995782,48995782,1074,Friday,Weekend (Fri),05-Jan-18,2  5  20  38  41  -  04  08,25.687589,25687589,0,No,No,0,2.185975,2185975,Below Average
274,Above Average,49.105625,49105625,1022,Friday,Weekend (Fri),07-Jul-17,11  20  35  37  45  -  03  06,25.663715,25663715,1,Yes (1),Yes (Single Ticket),1,2.022973,2022973,Below Average
275,Above Average,49.286754,49286754,968,Friday,Weekend (Fri),30-Dec-16,8  10  22  29  47  -  01  03,14.5384,14538400,0,No,No,0,2.325809,2325809,Above Average
276,Above Average,49.316109,49316109,1126,Friday,Weekend (Fri),06-Jul-18,8  30  33  38  48  -  02  10,49.801491,49801491,0,No,No,0,2.005443,2005443,Below Average
277,Above Average,49.409164,49409164,1360,Friday,Weekend (Fri),02-Oct-20,6  12  15  40  45  -  03  09,27.761091,27761091,1,Yes (1),Yes (Single Ticket),1,2.144955,2144955,Below Average
278,Above Average,49.409898,49409898,1272,Friday,Weekend (Fri),29-Nov-19,3  7  12  42  50  -  06  08,32.747133,32747133,0,No,No,0,2.452837,2452837,Above Average
279,Above Average,49.458686,49458686,1175,Tuesday,Weekday (Tues),25-Dec-18,4  5  8  31  43  -  02  09,99.026381,99026381,0,No,No,0,2.213231,2213231,Above Average
280,Above Average,49.626148,49626148,1202,Friday,Weekend (Fri),29-Mar-19,13  23  26  32  47  -  06  10,43.015001,43015001,0,No,No,0,2.282581,2282581,Above Average
281,Above Average,49.655757,49655757,956,Friday,Weekend (Fri),18-Nov-16,3  12  27  32  47  -  06  08,32.72043,32720430,0,No,No,0,2.33983,2339830,Above Average
282,Above Average,49.659572,49659572,1014,Friday,Weekend (Fri),09-Jun-17,9  20  27  39  43  -  10  11,25.684767,25684767,0,No,No,0,2.174684,2174684,Above Average
283,Above Average,49.665963,49665963,1002,Friday,Weekend (Fri),28-Apr-17,14  20  25  30  39  -  02  08,48.309589,48309589,0,No,No,0,2.317399,2317399,Above Average
284,Above Average,49.69942,49699420,1238,Friday,Weekend (Fri),02-Aug-19,13  22  33  44  50  -  02  05,43.958121,43958121,0,No,No,0,2.249954,2249954,Above Average
285,Above Average,49.788887,49788887,1114,Friday,Weekend (Fri),25-May-18,13  15  16  28  41  -  04  05,50.089464,50089464,0,No,No,0,2.263436,2263436,Above Average
286,Above Average,49.857736,49857736,1016,Friday,Weekend (Fri),16-Jun-17,15  17  38  41  42  -  09  12,44.150291,44150291,1,Yes (1),Yes (Single Ticket),1,2.032191,2032191,Below Average
287,Above Average,49.955313,49955313,1260,Friday,Weekend (Fri),18-Oct-19,8  18  22  41  42  -  11  12,33.536983,33536983,0,No,No,0,2.177533,2177533,Above Average
288,Above Average,49.996793,49996793,1354,Friday,Weekend (Fri),11-Sep-20,34  38  42  43  45  -  09  12,37.525275,37525275,0,No,No,0,1.915193,1915193,Below Average
289,Above Average,49.998889,49998889,1108,Friday,Weekend (Fri),04-May-18,6  12  23  39  45  -  09  12,32.659632,32659632,0,No,No,0,2.205723,2205723,Above Average
290,Above Average,50.158643,50158643,1162,Friday,Weekend (Fri),09-Nov-18,14  17  32  37  49  -  11  12,25.702466,25702466,0,No,No,0,2.100593,2100593,Below Average
291,Above Average,50.178923,50178923,1156,Friday,Weekend (Fri),19-Oct-18,1  3  29  47  48  -  03  12,43.58144,43581440,0,No,No,0,2.01894,2018940,Below Average
292,Above Average,50.354219,50354219,1098,Friday,Weekend (Fri),30-Mar-18,12  17  28  35  47  -  07  11,51.598288,51598288,0,No,No,0,2.26722,2267220,Above Average
293,Above Average,50.393853,50393853,1090,Friday,Weekend (Fri),02-Mar-18,2  7  34  45  48  -  01  12,26.096672,26096672,0,No,No,0,2.00756,2007560,Below Average
294,Above Average,50.414651,50414651,1164,Friday,Weekend (Fri),16-Nov-18,9  10  13  28  41  -  01  12,44.832935,44832935,1,Yes (1),Yes (Single Ticket),1,2.357727,2357727,Above Average
295,Above Average,50.551687,50551687,1180,Friday,Weekend (Fri),11-Jan-19,1  19  31  39  48  -  01  06,34.004534,34004534,0,No,No,0,2.19062,2190620,Below Average
296,Above Average,50.603404,50603404,994,Friday,Weekend (Fri),31-Mar-17,17  24  26  28  45  -  04  12,49.849009,49849009,0,No,No,0,2.311174,2311174,Above Average
297,Above Average,50.639003,50639003,1168,Friday,Weekend (Fri),30-Nov-18,3  10  12  23  26  -  01  12,43.37419,43374190,0,No,No,0,2.605923,2605923,Above Average
298,Above Average,50.807465,50807465,1245,Tuesday,Weekday (Tues),27-Aug-19,8  26  35  43  47  -  01  09,97.958413,97958413,0,No,No,0,2.019432,2019432,Below Average
299,Above Average,50.819062,50819062,1228,Friday,Weekend (Fri),28-Jun-19,1  3  16  33  49  -  02  11,51.583856,51583856,0,No,No,0,2.19945,2199450,Above Average
300,Above Average,51.114788,51114788,986,Friday,Weekend (Fri),03-Mar-17,2  11  29  30  47  -  01  12,43.311596,43311596,0,No,No,0,2.222357,2222357,Above Average
301,Above Average,51.166631,51166631,964,Friday,Weekend (Fri),16-Dec-16,6  10  30  41  45  -  04  11,43.003166,43003166,0,No,No,0,2.229466,2229466,Above Average
302,Above Average,51.286432,51286432,1364,Friday,Weekend (Fri),16-Oct-20,15  33  38  40  50  -  03  06,49.383832,49383832,0,No,No,0,2.02284,2022840,Below Average
303,Above Average,51.311766,51311766,1269,Tuesday,Weekday (Tues),19-Nov-19,8  10  15  30  42  -  04  06,105.100702,105100702,1,Yes (1),Yes (Single Ticket),1,2.447329,2447329,Above Average
304,Above Average,51.683307,51683307,1258,Friday,Weekend (Fri),11-Oct-19,2  14  19  42  45  -  05  06,14.8308,14830800,0,No,No,0,2.250832,2250832,Above Average
305,Above Average,51.928725,51928725,1134,Friday,Weekend (Fri),03-Aug-18,7  26  36  38  43  -  06  12,61.780382,61780382,0,No,No,0,2.100805,2100805,Below Average
306,Above Average,52.10904,52109040,966,Friday,Weekend (Fri),23-Dec-16,4  16  20  39  46  -  02  05,14.4874,14487400,0,No,No,0,2.268075,2268075,Above Average
307,Above Average,52.21871,52218710,1298,Friday,Weekend (Fri),28-Feb-20,8  11  20  22  23  -  03  04,57.826962,57826962,1,Yes (1),Yes (Single Ticket),1,2.693338,2693338,Above Average
308,Above Average,52.386348,52386348,1028,Friday,Weekend (Fri),28-Jul-17,5  9  29  31  41  -  02  04,51.70205,51702050,1,Yes (1),Yes (Single Ticket),1,2.313024,2313024,Above Average
309,Above Average,52.423351,52423351,1058,Friday,Weekend (Fri),10-Nov-17,13  22  29  36  37  -  01  09,26.361644,26361644,0,No,No,0,2.329365,2329365,Above Average
310,Above Average,52.437374,52437374,1264,Friday,Weekend (Fri),01-Nov-19,2  20  39  44  48  -  05  07,69.286018,69286018,0,No,No,0,2.192255,2192255,Above Average
311,Above Average,52.513994,52513994,1182,Friday,Weekend (Fri),18-Jan-19,5  6  16  30  46  -  05  10,53.285987,53285987,0,No,No,0,2.267422,2267422,Above Average
312,Above Average,52.561367,52561367,1276,Friday,Weekend (Fri),13-Dec-19,9  16  18  23  32  -  02  10,32.875644,32875644,0,No,No,0,2.613775,2613775,Above Average
313,Above Average,52.645641,52645641,1262,Friday,Weekend (Fri),25-Oct-19,34  37  39  40  50  -  04  10,53.31331,53313310,0,No,No,0,1.973329,1973329,Below Average
314,Above Average,52.767727,52767727,1070,Friday,Weekend (Fri),22-Dec-17,5  24  30  31  43  -  03  06,15.0892,15089200,0,No,No,0,2.273002,2273002,Above Average
315,Above Average,52.806778,52806778,1139,Tuesday,Weekday (Tues),21-Aug-18,16  23  42  43  49  -  10  12,96.785706,96785706,1,Yes (1),Yes (Single Ticket),1,2.095355,2095355,Below Average
316,Above Average,53.198136,53198136,1004,Friday,Weekend (Fri),05-May-17,3  7  30  35  43  -  01  03,63.162406,63162406,0,No,No,0,2.455799,2455799,Above Average
317,Above Average,53.229248,53229248,1204,Friday,Weekend (Fri),05-Apr-19,1  7  10  29  45  -  03  05,62.771731,62771731,0,No,No,0,2.612263,2612263,Above Average
318,Above Average,53.233299,53233299,1170,Friday,Weekend (Fri),07-Dec-18,11  17  26  37  48  -  01  10,63.478325,63478325,0,No,No,0,2.294842,2294842,Above Average
319,Above Average,53.487663,53487663,1018,Friday,Weekend (Fri),23-Jun-17,3  4  21  31  38  -  03  07,64.0821,64082100,0,No,No,0,2.506,2506000,Above Average
320,Above Average,53.602954,53602954,996,Friday,Weekend (Fri),07-Apr-17,2  10  19  35  50  -  06  07,65.668144,65668144,0,No,No,0,2.45601,2456010,Above Average
321,Above Average,53.794208,53794208,1092,Friday,Weekend (Fri),09-Mar-18,9  14  21  32  44  -  01  12,45.846428,45846428,0,No,No,0,2.38522,2385220,Above Average
322,Above Average,53.862747,53862747,1230,Friday,Weekend (Fri),05-Jul-19,2  9  20  34  42  -  06  09,67.458174,67458174,0,No,No,0,2.295634,2295634,Above Average
323,Above Average,53.927592,53927592,1067,Tuesday,Weekday (Tues),12-Dec-17,20  37  39  44  50  -  04  08,101.93867,101938670,0,No,No,0,2.156888,2156888,Below Average
324,Above Average,54.001868,54001868,1344,Friday,Weekend (Fri),07-Aug-20,5  20  21  36  41  -  06  11,57.863944,57863944,0,No,No,0,2.181308,2181308,Above Average
325,Above Average,54.032937,54032937,952,Friday,Weekend (Fri),04-Nov-16,7  11  12  44  48  -  03  07,26.830014,26830014,0,No,No,0,2.647049,2647049,Above Average
326,Above Average,54.141239,54141239,1196,Friday,Weekend (Fri),08-Mar-19,17  18  19  24  40  -  04  08,55.265839,55265839,0,No,No,0,2.540721,2540721,Above Average
327,Above Average,54.2551,54255100,958,Friday,Weekend (Fri),25-Nov-16,5  11  17  23  28  -  10  11,26.009712,26009712,2,Yes (2),Yes (Multiple Tickets),2+,2.917196,2917196,Above Average
328,Above Average,54.278924,54278924,1100,Friday,Weekend (Fri),06-Apr-18,1  29  33  45  47  -  04  08,66.429609,66429609,1,Yes (1),Yes (Single Ticket),1,2.183713,2183713,Above Average
329,Above Average,54.314232,54314232,1076,Friday,Weekend (Fri),12-Jan-18,13  21  23  30  45  -  04  06,45.394452,45394452,0,No,No,0,2.572349,2572349,Above Average
330,Above Average,54.424586,54424586,1060,Friday,Weekend (Fri),17-Nov-17,20  26  35  36  42  -  05  12,46.135062,46135062,0,No,No,0,2.046757,2046757,Below Average
331,Above Average,54.490631,54490631,1242,Friday,Weekend (Fri),16-Aug-19,9  10  27  37  42  -  01  05,77.208525,77208525,0,No,No,0,2.370827,2370827,Above Average
332,Above Average,54.593653,54593653,1346,Friday,Weekend (Fri),14-Aug-20,9  10  19  42  49  -  04  12,77.977112,77977112,0,No,No,0,2.343058,2343058,Above Average
333,Above Average,54.723268,54723268,1158,Friday,Weekend (Fri),26-Oct-18,5  18  21  31  35  -  06  09,64.245817,64245817,0,No,No,0,2.450488,2450488,Above Average
334,Above Average,54.734143,54734143,1184,Friday,Weekend (Fri),25-Jan-19,1  6  13  15  16  -  06  10,68.153942,68153942,0,No,No,0,2.64286,2642860,Above Average
335,Above Average,54.739803,54739803,1366,Friday,Weekend (Fri),23-Oct-20,10  15  19  21  23  -  03  12,70.979568,70979568,0,No,No,0,2.708279,2708279,Above Average
336,Above Average,54.79729,54797290,1240,Friday,Weekend (Fri),09-Aug-19,2  14  35  41  42  -  10  11,65.218898,65218898,0,No,No,0,2.01361,2013610,Below Average
337,Above Average,54.816456,54816456,1052,Friday,Weekend (Fri),20-Oct-17,4  17  23  27  30  -  03  08,49.71213,49712130,0,No,No,0,2.756013,2756013,Above Average
338,Above Average,54.827951,54827951,1160,Friday,Weekend (Fri),02-Nov-18,5  15  17  37  44  -  07  11,76.369807,76369807,1,Yes (1),Yes (Single Ticket),1,2.540966,2540966,Above Average
339,Above Average,55.122408,55122408,1302,Friday,Weekend (Fri),13-Mar-20,3  11  21  27  36  -  09  10,50.321191,50321191,0,No,No,0,2.526848,2526848,Above Average
340,Above Average,55.123084,55123084,1281,Tuesday,Weekday (Tues),31-Dec-19,26  31  33  41  48  -  02  04,44.717396,44717396,0,No,No,0,2.275193,2275193,Above Average
341,Above Average,55.309888,55309888,948,Friday,Weekend (Fri),21-Oct-16,9  20  23  44  48  -  08  10,35.49788,35497880,0,No,No,0,2.332658,2332658,Above Average
342,Above Average,55.372392,55372392,1136,Friday,Weekend (Fri),10-Aug-18,18  20  36  43  44  -  03  09,75.029181,75029181,0,No,No,0,2.239547,2239547,Above Average
343,Above Average,55.609407,55609407,1284,Friday,Weekend (Fri),10-Jan-20,6  17  32  44  46  -  02  06,71.71756,71717560,0,No,No,0,2.450969,2450969,Above Average
344,Above Average,55.763055,55763055,1128,Friday,Weekend (Fri),13-Jul-18,1  4  14  21  49  -  02  12,15.0212,15021200,1,Yes (1),Yes (Single Ticket),1,2.440359,2440359,Above Average
345,Above Average,55.852301,55852301,1062,Friday,Weekend (Fri),24-Nov-17,19  24  28  30  50  -  03  10,66.743323,66743323,0,No,No,0,2.431231,2431231,Above Average
346,Above Average,56.320463,56320463,1172,Friday,Weekend (Fri),14-Dec-18,12  29  38  42  44  -  02  12,76.884342,76884342,0,No,No,0,2.321912,2321912,Above Average
347,Above Average,56.454912,56454912,1349,Tuesday,Weekday (Tues),25-Aug-20,7  18  30  37  39  -  08  10,112.618069,112618069,0,No,No,0,2.425943,2425943,Above Average
348,Above Average,56.519901,56519901,1105,Tuesday,Weekday (Tues),24-Apr-18,20  23  28  30  44  -  03  07,121.328187,121328187,1,Yes (1),Yes (Single Ticket),1,2.658901,2658901,Above Average
349,Above Average,56.767035,56767035,1078,Friday,Weekend (Fri),19-Jan-18,3  8  17  44  50  -  02  07,66.212715,66212715,0,No,No,0,2.659159,2659159,Above Average
350,Above Average,56.867232,56867232,1116,Friday,Weekend (Fri),01-Jun-18,17  18  24  29  40  -  04  05,34.972315,34972315,2,Yes (2),Yes (Multiple Tickets),2+,2.4093,2409300,Above Average
351,Above Average,56.928407,56928407,988,Friday,Weekend (Fri),10-Mar-17,31  36  38  47  49  -  08  11,64.931865,64931865,0,No,No,0,2.075534,2075534,Below Average
352,Above Average,57.181518,57181518,1198,Friday,Weekend (Fri),15-Mar-19,3  15  24  42  46  -  09  12,71.057439,71057439,1,Yes (1),Yes (Single Ticket),1,2.464133,2464133,Above Average
353,Above Average,57.466722,57466722,1223,Tuesday,Weekday (Tues),11-Jun-19,25  27  39  42  46  -  11  12,123.458008,123458008,1,Yes (1),Yes (Single Ticket),1,2.27675,2276750,Above Average
354,Above Average,57.989379,57989379,1232,Friday,Weekend (Fri),12-Jul-19,2  31  39  45  47  -  04  08,81.180289,81180289,0,No,No,0,2.196286,2196286,Above Average
355,Above Average,58.246284,58246284,1083,Tuesday,Weekday (Tues),06-Feb-18,8  17  28  34  38  -  06  12,104.423108,104423108,0,No,No,0,2.56457,2564570,Above Average
356,Above Average,58.400002,58400002,1072,Friday,Weekend (Fri),29-Dec-17,4  8  22  23  48  -  01  12,34.588069,34588069,1,Yes (1),Yes (Single Ticket),1,2.603562,2603562,Above Average
357,Above Average,58.401569,58401569,1356,Friday,Weekend (Fri),18-Sep-20,2  10  19  25  45  -  01  07,61.732489,61732489,0,No,No,0,2.58994,2589940,Above Average
358,Above Average,58.44828,58448280,1009,Tuesday,Weekday (Tues),23-May-17,8  15  25  27  42  -  01  04,102.10143,102101430,0,No,No,0,2.708406,2708406,Above Average
359,Above Average,58.502723,58502723,1069,Tuesday,Weekday (Tues),19-Dec-17,8  15  30  38  46  -  04  07,119.876081,119876081,1,Yes (1),Yes (Single Ticket),1,2.48227,2482270,Above Average
360,Above Average,58.848184,58848184,974,Friday,Weekend (Fri),20-Jan-17,10  17  27  31  49  -  03  05,70.419453,70419453,0,No,No,0,2.814276,2814276,Above Average
361,Above Average,59.017984,59017984,946,Friday,Weekend (Fri),14-Oct-16,7  13  19  31  34  -  01  11,15.3306,15330600,0,No,No,0,2.827603,2827603,Above Average
362,Above Average,59.292902,59292902,1006,Friday,Weekend (Fri),12-May-17,2  20  28  29  44  -  03  09,76.813393,76813393,0,No,No,0,2.701359,2701359,Above Average
363,Above Average,59.350402,59350402,1194,Friday,Weekend (Fri),01-Mar-19,6  9  19  26  31  -  11  12,35.148482,35148482,0,No,No,0,2.838825,2838825,Above Average
364,Above Average,59.454221,59454221,1064,Friday,Weekend (Fri),01-Dec-17,5  24  29  35  46  -  11  12,79.577293,79577293,0,No,No,0,2.360051,2360051,Above Average
365,Above Average,59.903706,59903706,1102,Friday,Weekend (Fri),13-Apr-18,5  25  34  48  50  -  06  07,14.7407,14740700,0,No,No,0,2.46251,2462510,Above Average
366,Above Average,60.010714,60010714,1080,Friday,Weekend (Fri),26-Jan-18,6  15  24  28  48  -  04  09,79.917041,79917041,0,No,No,0,2.67856,2678560,Above Average
367,Above Average,60.242902,60242902,1085,Tuesday,Weekday (Tues),13-Feb-18,10  13  17  21  44  -  01  10,123.305866,123305866,0,No,No,0,2.911672,2911672,Above Average
368,Above Average,60.342584,60342584,1375,Tuesday,Weekday (Tues),24-Nov-20,25  33  38  42  50  -  08  12,128.449942,128449942,0,No,No,0,2.375481,2375481,Above Average
369,Above Average,60.345929,60345929,1286,Friday,Weekend (Fri),17-Jan-20,8  19  20  29  44  -  03  08,85.964733,85964733,1,Yes (1),Yes (Single Ticket),1,2.911123,2911123,Above Average
370,Above Average,60.490007,60490007,1187,Tuesday,Weekday (Tues),05-Feb-19,14  25  31  37  43  -  02  03,113.958151,113958151,0,No,No,0,2.448563,2448563,Above Average
371,Above Average,60.504067,60504067,1247,Tuesday,Weekday (Tues),03-Sep-19,7  11  38  39  44  -  07  10,116.404085,116404085,0,No,No,0,2.601793,2601793,Above Average
372,Above Average,60.638519,60638519,1138,Friday,Weekend (Fri),17-Aug-18,2  15  18  24  43  -  08  12,89.766677,89766677,0,No,No,0,2.544362,2544362,Above Average
373,Above Average,60.973811,60973811,1177,Tuesday,Weekday (Tues),01-Jan-19,1  8  11  25  28  -  04  06,114.969776,114969776,1,Yes (1),Yes (Single Ticket),1,2.937684,2937684,Above Average
374,Above Average,61.209836,61209836,1372,Friday,Weekend (Fri),13-Nov-20,1  5  17  28  31  -  01  10,60.684475,60684475,0,No,No,0,2.842372,2842372,Above Average
375,Above Average,61.354156,61354156,1149,Tuesday,Weekday (Tues),25-Sep-18,6  15  20  30  38  -  04  07,124.411811,124411811,0,No,No,0,2.699244,2699244,Above Average
376,Above Average,62.072885,62072885,972,Friday,Weekend (Fri),13-Jan-17,3  7  16  26  50  -  04  07,53.936316,53936316,0,No,No,0,2.974685,2974685,Above Average
377,Above Average,62.310354,62310354,1335,Tuesday,Weekday (Tues),07-Jul-20,12  16  23  33  41  -  08  10,130.059174,130059174,1,Yes (1),Yes (Single Ticket),1,2.708776,2708776,Above Average
378,Above Average,62.697585,62697585,1043,Tuesday,Weekday (Tues),19-Sep-17,1  8  21  30  45  -  02  03,123.904174,123904174,0,No,No,0,2.659497,2659497,Above Average
379,Above Average,62.710338,62710338,1268,Friday,Weekend (Fri),15-Nov-19,3  13  20  32  34  -  04  11,98.311223,98311223,0,No,No,0,2.81863,2818630,Above Average
380,Above Average,63.044558,63044558,1351,Tuesday,Weekday (Tues),01-Sep-20,4  8  10  33  46  -  08  11,139.992069,139992069,1,Yes (1),Yes (Single Ticket),1,2.693276,2693276,Above Average
381,Above Average,63.802103,63802103,1066,Friday,Weekend (Fri),08-Dec-17,4  22  30  32  34  -  03  04,94.304641,94304641,0,No,No,0,2.653777,2653777,Above Average
382,Above Average,64.064166,64064166,1011,Tuesday,Weekday (Tues),30-May-17,7  12  27  38  48  -  06  09,121.851562,121851562,0,No,No,0,2.995316,2995316,Above Average
383,Above Average,64.12866,64128660,1222,Friday,Weekend (Fri),07-Jun-19,1  4  16  20  34  -  02  05,115.726,115726000,0,No,No,0,3.581902,3581902,Above Average
384,Above Average,64.349624,64349624,1244,Friday,Weekend (Fri),23-Aug-19,4  17  35  42  45  -  02  08,91.53302,91533020,0,No,No,0,2.64007,2640070,Above Average
385,Above Average,64.848739,64848739,1348,Friday,Weekend (Fri),21-Aug-20,10  15  35  44  50  -  03  05,100.807281,100807281,0,No,No,0,2.664738,2664738,Above Average
386,Above Average,65.265795,65265795,1189,Tuesday,Weekday (Tues),12-Feb-19,6  34  36  41  50  -  01  05,133.312302,133312302,0,No,No,0,2.445992,2445992,Above Average
387,Above Average,65.54545,65545450,1249,Tuesday,Weekday (Tues),10-Sep-19,3  22  25  30  49  -  03  06,134.122038,134122038,0,No,No,0,2.825683,2825683,Above Average
388,Above Average,65.762823,65762823,1266,Friday,Weekend (Fri),08-Nov-19,8  17  20  23  45  -  02  08,84.012704,84012704,0,No,No,0,3.198472,3198472,Above Average
389,Above Average,66.495762,66495762,1050,Friday,Weekend (Fri),13-Oct-17,23  29  37  45  50  -  05  11,29.491384,29491384,0,No,No,0,2.618435,2618435,Above Average
390,Above Average,66.894664,66894664,1174,Friday,Weekend (Fri),21-Dec-18,2  12  15  34  50  -  03  04,92.134454,92134454,0,No,No,0,2.821548,2821548,Above Average
391,Above Average,67.626361,67626361,1234,Friday,Weekend (Fri),19-Jul-19,13  14  17  26  28  -  02  07,96.710509,96710509,1,Yes (1),Yes (Single Ticket),1,3.310961,3310961,Above Average
392,Above Average,67.973828,67973828,1377,Tuesday,Weekday (Tues),01-Dec-20,14  20  29  47  49  -  04  12,160.906372,160906372,0,No,No,0,2.64081,2640810,Above Average
393,Above Average,68.582951,68582951,1082,Friday,Weekend (Fri),02-Feb-18,14  34  36  39  48  -  02  03,95.972671,95972671,0,No,No,0,2.58302,2583020,Above Average
394,Above Average,69.032238,69032238,1087,Tuesday,Weekday (Tues),20-Feb-18,6  14  19  25  29  -  05  11,142.157622,142157622,0,No,No,0,3.168168,3168168,Above Average
395,Above Average,69.428313,69428313,1151,Tuesday,Weekday (Tues),02-Oct-18,7  17  29  37  45  -  03  11,144.603632,144603632,1,Yes (1),Yes (Single Ticket),1,3.081171,3081171,Above Average
396,Above Average,69.808192,69808192,1191,Tuesday,Weekday (Tues),19-Feb-19,1  8  18  19  39  -  07  09,152.400366,152400366,1,Yes (1),Yes (Single Ticket),1,3.244006,3244006,Above Average
397,Above Average,70.44166,70441660,1008,Friday,Weekend (Fri),19-May-17,9  11  12  19  30  -  04  09,93.927013,93927013,0,No,No,0,3.661077,3661077,Above Average
398,Above Average,70.457205,70457205,943,Tuesday,Weekday (Tues),04-Oct-16,4  7  14  34  38  -  04  11,124.041722,124041722,0,No,No,0,3.155175,3155175,Above Average
399,Above Average,70.66176,70661760,1176,Friday,Weekend (Fri),28-Dec-18,13  16  34  35  45  -  10  12,108.543762,108543762,0,No,No,0,2.721915,2721915,Above Average
400,Above Average,70.998122,70998122,1045,Tuesday,Weekday (Tues),26-Sep-17,1  29  40  41  48  -  06  12,143.626132,143626132,0,No,No,0,2.617407,2617407,Above Average
401,Above Average,71.777263,71777263,1068,Friday,Weekend (Fri),15-Dec-17,25  30  31  42  50  -  02  11,111.674784,111674784,0,No,No,0,2.804531,2804531,Above Average
402,Above Average,71.956813,71956813,1246,Friday,Weekend (Fri),30-Aug-19,25  27  45  46  49  -  04  06,107.75933,107759330,0,No,No,0,2.758312,2758312,Above Average
403,Above Average,72.535638,72535638,950,Friday,Weekend (Fri),28-Oct-16,10  16  19  23  43  -  02  08,15.667698,15667698,1,Yes (1),Yes (Single Ticket),1,3.340016,3340016,Above Average
404,Above Average,72.822188,72822188,1251,Tuesday,Weekday (Tues),17-Sep-19,22  37  43  44  45  -  01  12,155.282163,155282163,0,No,No,0,2.773242,2773242,Above Average
405,Above Average,73.403006,73403006,1350,Friday,Weekend (Fri),28-Aug-20,7  12  16  17  31  -  07  09,126.895018,126895018,0,No,No,0,3.543666,3543666,Above Average
406,Above Average,75.577708,75577708,1010,Friday,Weekend (Fri),26-May-17,5  7  26  36  39  -  02  10,113.47596,113475960,0,No,No,0,3.324158,3324158,Above Average
407,Above Average,76.7658,76765800,1084,Friday,Weekend (Fri),09-Feb-18,22  31  36  38  44  -  01  11,114.539544,114539544,0,No,No,0,2.96071,2960710,Above Average
408,Above Average,78.475582,78475582,1248,Friday,Weekend (Fri),06-Sep-19,10  13  22  40  48  -  02  05,125.665319,125665319,0,No,No,0,3.376955,3376955,Above Average
409,Above Average,79.640508,79640508,1086,Friday,Weekend (Fri),16-Feb-18,10  12  23  32  50  -  04  10,133.365227,133365227,0,No,No,0,3.562643,3562643,Above Average
410,Above Average,80.067102,80067102,1188,Friday,Weekend (Fri),08-Feb-19,11  12  13  39  46  -  07  10,123.991632,123991632,0,No,No,0,3.39268,3392680,Above Average
411,Above Average,80.86539,80865390,1376,Friday,Weekend (Fri),27-Nov-20,2  5  8  14  16  -  08  09,146.729731,146729731,0,No,No,0,3.673808,3673808,Above Average
412,Above Average,83.170005,83170005,1020,Friday,Weekend (Fri),30-Jun-17,17  35  39  47  50  -  06  08,87.57,87570000,1,Yes (1),Yes (Single Ticket),1,3.277357,3277357,Above Average
413,Above Average,83.225872,83225872,1150,Friday,Weekend (Fri),28-Sep-18,2  4  8  27  50  -  02  09,135.382686,135382686,0,No,No,0,3.696937,3696937,Above Average
414,Above Average,84.421104,84421104,1190,Friday,Weekend (Fri),15-Feb-19,15  27  34  38  49  -  02  10,144.375567,144375567,0,No,No,0,3.419745,3419745,Above Average
415,Above Average,84.831239,84831239,945,Tuesday,Weekday (Tues),11-Oct-16,5  12  20  24  37  -  04  11,153.361048,153361048,1,Yes (1),Yes (Single Ticket),1,3.648136,3648136,Above Average
416,Above Average,84.96324,84963240,1292,Friday,Weekend (Fri),07-Feb-20,9  15  17  25  40  -  03  09,110.5,110500000,1,Yes (1),Yes (Single Ticket),1,4.027451,4027451,Above Average
417,Above Average,85.87217,85872170,1374,Friday,Weekend (Fri),20-Nov-20,28  29  39  48  50  -  05  07,116.103,116103000,0,No,No,0,3.315558,3315558,Above Average
418,Above Average,86.188913,86188913,1044,Friday,Weekend (Fri),22-Sep-17,6  11  31  39  42  -  01  03,134.911784,134911784,0,No,No,0,3.544206,3544206,Above Average
419,Above Average,86.447822,86447822,1358,Friday,Weekend (Fri),25-Sep-20,19  23  34  37  45  -  01  07,118.729,118729000,1,Yes (1),Yes (Single Ticket),1,3.505386,3505386,Above Average
420,Above Average,87.011065,87011065,1104,Friday,Weekend (Fri),20-Apr-18,3  16  25  39  44  -  07  11,114.01,114010000,0,No,No,0,3.608585,3608585,Above Average
421,Above Average,87.319586,87319586,1334,Friday,Weekend (Fri),03-Jul-20,4  16  27  37  39  -  03  06,117.26,117260000,0,No,No,0,3.663322,3663322,Above Average
422,Above Average,88.05755,88057550,1253,Tuesday,Weekday (Tues),24-Sep-19,2  33  42  47  48  -  01  02,167.751,167751000,0,No,No,0,3.338284,3338284,Above Average
423,Above Average,90.229315,90229315,1186,Friday,Weekend (Fri),01-Feb-19,3  21  26  41  46  -  01  06,105.204,105204000,0,No,No,0,3.566689,3566689,Above Average
424,Above Average,90.27707,90277070,1012,Friday,Weekend (Fri),02-Jun-17,8  10  24  33  42  -  03  09,134.808762,134808762,1,Yes (1),Yes (Single Ticket),1,4.039434,4039434,Above Average
425,Above Average,91.887661,91887661,1255,Tuesday,Weekday (Tues),01-Oct-19,2  11  18  40  46  -  01  04,168.72,168720000,0,No,No,0,3.642052,3642052,Above Average
426,Above Average,93.317535,93317535,1250,Friday,Weekend (Fri),13-Sep-19,1  12  27  42  47  -  06  07,145.566007,145566007,0,No,No,0,3.904076,3904076,Above Average
427,Above Average,94.688223,94688223,1252,Friday,Weekend (Fri),20-Sep-19,8  21  25  38  50  -  04  08,167.609701,167609701,0,No,No,0,3.996914,3996914,Above Average
428,Above Average,94.883433,94883433,1042,Friday,Weekend (Fri),15-Sep-17,13  18  37  44  49  -  09  12,114.504,114504000,0,No,No,0,3.882037,3882037,Above Average
429,Above Average,94.898866,94898866,1148,Friday,Weekend (Fri),21-Sep-18,5  7  21  25  37  -  03  04,116.87,116870000,0,No,No,0,4.349604,4349604,Above Average
430,Above Average,97.979161,97979161,1047,Tuesday,Weekday (Tues),03-Oct-17,6  24  32  48  50  -  01  05,168.701,168701000,0,No,No,0,3.809379,3809379,Above Average
431,Above Average,98.334429,98334429,944,Friday,Weekend (Fri),07-Oct-16,2  12  20  27  30  -  09  11,140.104641,140104641,0,No,No,0,4.320797,4320797,Above Average
432,Above Average,100.144727,100144727,1046,Friday,Weekend (Fri),29-Sep-17,7  18  19  32  48  -  03  07,157.898325,157898325,0,No,No,0,4.515675,4515675,Above Average
433,Above Average,106.633158,106633158,942,Friday,Weekend (Fri),30-Sep-16,17  35  37  43  44  -  02  10,112.697,112697000,0,No,No,0,4.248519,4248519,Above Average
434,Above Average,107.672589,107672589,1088,Friday,Weekend (Fri),23-Feb-18,10  17  18  28  47  -  03  07,87.798898,87798898,2,Yes (2),Yes (Multiple Tickets),2+,5.004728,5004728,Above Average
435,Above Average,108.020002,108020002,1254,Friday,Weekend (Fri),27-Sep-19,24  37  41  43  46  -  02  08,169.005,169005000,0,No,No,0,3.967371,3967371,Above Average
436,Above Average,115.938989,115938989,1256,Friday,Weekend (Fri),04-Oct-19,6  9  35  41  44  -  06  09,169.024,169024000,0,No,No,0,4.570671,4570671,Above Average
437,Above Average,118.873045,118873045,1378,Friday,Weekend (Fri),04-Dec-20,14  20  27  34  38  -  01  11,180.8,180800000,0,No,No,0,4.783135,4783135,Above Average
438,Above Average,120.003558,120003558,1048,Friday,Weekend (Fri),06-Oct-17,1  9  15  19  25  -  01  07,170.81,170810000,1,Yes (1),Yes (Single Ticket),1,5.39543,5395430,Above Average
439,Above Average,121.05577,121055770,1257,Tuesday,Weekday (Tues),08-Oct-19,7  10  15  44  49  -  03  12,170.221,170221000,1,Yes (1),Yes (Single Ticket),1,5.028839,5028839,Above Average
